,0,1,2,3,4,5,6,7,8,9,10,11,12,13,14,15,16,17,18,19,20,21,22,23,24,25,26,27,28,29,30,31,32,33,34,35,36,37,38,39,40,41,42,43,44,45,46,47,48,49,50,51,52,53,54,55,56,57,58,59
0,0.044928520253307624,0.04603210776099331,0.0852089227998647,0.043261642072138784,0.03817549456096003,0.06225916532986275,0.04025771461272143,0.032604827377952006,0.04591951588599841,0.041383242208723914,0.026464904184365423,0.0299936977039863,0.04722899782942136,0.02104628494404892,-0.00968419072913207,0.027866354392472203,0.5249549389693016,-0.018347816216461865,0.007133574476156923,-0.008104656173856029,-0.008693599950760245,0.008778426599349132,0.01237456453877428,-0.001752559952180377,0.007629878723690808,0.029631643540767527,0.0023170538041483724,0.005391229608449066,0.045852452424924195,0.0037112684444764454,0.0010455312062731537,0.06545627648978325,-0.004176678373198683,-0.0020818761738041758,0.035831381360765135,-0.00798475063186288,-0.011146920783062342,0.013934347243946377,-0.009002939432321,-0.017962829604812214,-0.003742163451875058,-0.007109180251177349,-0.022943193309913568,-0.021496385357238523,-0.02574792091877498,-0.0506352667007377,0.4714651718472851,-0.046447225610791065,-0.08143787962097804,-0.06790766351960542,-0.04395964011840192,-0.05751115465406542,-0.056738830620048475,-0.040678056839823284,-0.03817416059737866,-0.051552550045329326,-0.04072394471887719,-0.01990518602855218,-0.0478379931588222,-0.04465191707407712
1,-0.47351214691219107,-0.24646503377891518,-0.04888234968722859,-0.2560927832676592,0.4285084126465293,0.12594841215601985,0.26840935821987233,-0.006830436219861781,-0.19894471426204674,-0.21790800458134396,-0.026638652876612733,-0.20458648935294024,-0.4373410015786546,-0.014767198811742974,0.1849019242033797,0.16936273468076735,-0.155197856511676,0.012422519039016333,-0.11072151214280845,-0.02798667886011489,-0.12473579684850213,-0.2826776677405394,-0.11713098883298914,0.10236250611853766,-0.0424892094807517,-0.1337989055146553,0.10505916128096103,-0.1243435720701423,-0.09335877439023632,-0.2608432067933924,-0.21820443747982168,-0.3436422464038084,-0.014822783651722354,-0.17736236645310471,-0.148512574180043,0.15996204734648709,0.21527436551369172,0.04639496170606197,0.027843334241884544,0.021143793722127192,-0.3209507876265752,-0.22098243548210772,-0.175297844176245,-0.05139816781904717,0.0583063644597105,0.2740655293500536,0.19871982334240834,0.14084378089976934,0.105456888637159,-0.15710064565549006,-0.2279961833943836,-0.2236886754642588,-0.26848174699349253,-0.30532070765897046,-0.0168812076838871,0.12347503093307326,-0.028610602643675608,0.05592694676107867,0.08148651119494142,-0.04909007328196599
2,-0.5613804815857882,0.04152389979528262,0.3059252603864922,-0.29990050474362895,-0.16328046401280816,-0.23257103652324046,0.4168928680582662,0.2822285554943801,-0.024445036225507165,-0.28800623280523685,0.05348374654491455,0.06488708113894773,-0.15319877941928,-0.15889075884310855,-0.07645554569384186,-0.08008987846141033,-0.3570155676050503,-0.2814619117319415,-0.13430096763916705,0.21252304037008338,0.05193678840315263,-0.1826579031101063,-0.040730815336387685,0.21769695008711465,0.047351302052100135,-0.1310616716703149,-0.12527236289036656,-0.1948822060921078,-0.15350746017635955,-0.25132347504105856,-0.3354287561019364,-0.3142738810562764,-0.12225833954300097,-0.23643559093338024,-0.29388448607429607,0.10676527915174834,0.23513334652848653,0.10189344090499401,0.007481458763940683,0.10901538219874074,-0.05814811036991562,0.016109545585052114,-0.1901364509068557,-0.13489490549247898,-0.10988550501159597,0.01797013487969323,-0.032217537183845624,0.003811594580866229,-0.067925768918095,-0.15250987795450208,-0.10264463238022485,0.008036040414139033,-0.04675884337372771,-0.14743800200582508,0.0014984826939942633,0.032139900969236544,-0.04500239105812155,-0.11142076263178903,-0.09212285286615415,-0.06891315758920759
3,-0.4038243799057186,-0.1354382723271598,-0.19456885702649349,-0.2176931858782899,0.3906248528516021,-0.0682832728089166,-0.3079125321339214,-0.07429890413064623,-0.1203952379154964,-0.1595695625219078,-0.09358481942289307,0.039065766025341724,-0.17271331026018494,-0.1805980505590742,0.08659152962795245,0.07329974672238437,-0.3089055913402515,-0.29511961876053944,-0.1988798086038655,-0.2671344735809977,-0.09262542179605072,-0.11907107243683078,0.056472418724468086,-0.040492363014450306,-0.21939533005453585,-0.27455356918325863,-0.0948763419867644,-0.4094738209882142,-0.29081368474838465,-0.12472541325170484,-0.2873670708700773,-0.2920513864799981,-0.054582380274423435,-0.29767358463332205,-0.3896398417453995,-0.025925428595768643,-0.07967197875688546,-0.17257899821371472,0.046607341191044475,0.053815699224980654,-0.2673783805030484,-0.25048679467201607,-0.0792478896194659,-0.11817046281192453,-0.10005154111719514,0.040370344401722394,0.07274753602294776,-0.06235464858995216,-0.05638767957326342,-0.06402212774701298,-0.1831948457205248,-0.23270316508437533,-0.2562378548940965,-0.2155736467703136,-0.08279876193673084,-0.08534728122690534,-0.09841180913664148,-0.0694306071508689,-0.12602197576057295,-0.22238233332365648
4,-0.6234500234010372,0.11318930445969431,0.27180478925130663,-0.22396178829855307,-0.2628788570202176,-0.23389597233125592,0.2827994275154716,0.34064859377201145,-0.021398950546316256,-0.3117932417160691,0.000994151095648876,0.23252433172636125,-0.1232687999349987,-0.28547594089794653,-0.007396609605640748,0.013776440443588372,-0.243839889632433,-0.3458553857316626,-0.1930622121811319,0.10395835946935512,0.22372590173816997,-0.23881234356005493,-0.2697229140517754,0.11502248376246198,0.1669996448357266,-0.14184420134666695,-0.2547197735764522,-0.19435724337086768,-0.03769408548771775,-0.18409237655154853,-0.32106362990416526,-0.4020467636757827,-0.1821262224920698,-0.07307654353580921,-0.20423157885748466,-0.1310814932735811,0.20491478619322256,0.14293255853754447,-0.07868612577787365,0.002896054584608624,0.01838647903680856,0.013616346401030143,-0.14552525883765288,-0.14182750509446507,-0.07855651597691186,0.09761489046009127,0.09445627818733271,-0.05937349100368218,-0.1968199271746487,-0.09736278727573318,0.035224411238495755,-0.09247461481958838,-0.23810940744596493,-0.1357015310047216,0.011053884046827469,0.024283259127855453,-0.10950902932036825,-0.19583946111615963,-0.08253945437371993,0.05587924885666829
5,-0.5786952973702753,-0.231994442127222,-0.06758591627620736,-0.18551083810006339,0.3634691665344256,0.2055556463804617,0.26058582744029496,-0.10296871394206106,-0.1631207740591303,-0.186075845518685,0.026869217158783324,-0.22301031004068522,-0.31444712366163297,-0.13909589877163853,0.20150184610538877,0.010909367487866093,-0.19702674404612505,-0.1417449403926148,-0.02734555788519516,-0.016688335448665846,-0.08899660316553269,-0.2324626936354038,0.023238886674557,0.012805049067573047,-0.1886213598720342,-0.16057498274586976,0.039757126970299456,-0.06702594678821423,-0.11456114353449096,-0.3278530514319372,-0.23560822439363177,-0.22775023485646603,-0.1557002143961264,-0.2529953632031602,-0.09120966655633199,0.15820050163086347,0.15110226272792057,0.02913922773432509,0.011057945830809957,0.07452441828661538,-0.1652447713678788,-0.26996538485721483,-0.3144183450733678,-0.056865024760940804,0.04554876704266426,0.11576527890183388,0.15506556814161676,0.26076657885384164,0.09129334201545881,-0.17430962755195784,-0.1835089987287822,-0.23303340968386776,-0.3002650478570834,-0.21352347715228287,-0.06807780401748803,0.0166441525430795,0.012481892140714006,0.02360888957205,-0.0074216256645563035,0.010190255315121348
6,-0.024983752885694203,-0.41317451562736923,-0.39917668796294864,-0.5951195859075634,0.017656617422543413,-0.6230263809687918,-0.10566759831331318,-0.04394781285018659,-0.011474784202431271,-0.2142045752656265,0.0286133947832118,-0.007916075952274856,-0.056814135005136004,0.082274935658466,0.2539686197847649,0.03690691211731071,-0.11657333766725261,0.08902176141509238,0.11166723869158937,0.07928103876556881,0.10871523799667127,0.11197220172860362,0.08393822075995269,0.09740610977336592,0.09610089260860216,0.0824223361109326,0.046196291370852294,-0.2707239860418941,-0.006890748112497538,-0.19864914395768662,-0.21838421311856723,-0.32857935264294025,-0.16828649850460706,-0.48262356112376437,-0.32402578696800377,-0.09500644022783766,-0.13913365640722883,-0.30407369077113877,0.05672263311912848,-0.03841776251767535,-0.16750361324486812,0.01664558900796262,0.1177150732502047,-0.04823532848649734,0.005466454364702716,0.19345713480921967,0.18774712008934066,0.050579224695365875,0.3082989194680123,0.1447822424716579,0.1460324690689275,0.19522314052446588,0.08110092000855297,-0.015148334918496214,0.1435752431637406,0.047928294056454226,-0.06984656678441262,0.04116544702819743,-0.029554485532699855,-0.07049034725624012
7,-0.21991563905320832,-0.35460472621937095,-0.13726753822217838,-0.4013742190724614,0.11330338423132624,-0.4798396743036039,0.021426420859466964,-0.039038340515232806,0.09706090032597794,-0.20960114341243866,0.0839395708227355,-0.027848927865415412,0.08919081472224934,-0.016058741021449503,0.1801616090416495,0.05118685540062318,-0.10938575434296499,-0.09642198498728642,-0.012468267888765391,-0.007345913460335361,0.06584690426719522,0.025756843167444324,0.10123363702531,0.1119814225474109,-0.026687011037013927,0.00877147271306264,-0.027550007528834318,-0.2623226120456584,-0.25298544067992174,-0.15650061154921818,-0.35434161455698376,-0.35948104043546425,-0.16835441596518458,-0.2913251674169015,-0.3206229231206929,0.014398058397725707,-0.12800643954102658,-0.11626400177987314,-0.024733292282740457,0.09319240344794963,-0.13181013916080442,0.045717769649234255,-0.07941867166831504,0.046474195371509354,0.009473232860345833,0.15355902103758398,0.14852369445411098,0.056265401579611934,0.07208178922125426,-0.014352882313149443,0.07086093146999141,0.05999399888555616,0.07286799906523667,-0.10844606937549858,0.12616969029600936,-0.05179981679472501,-0.08801483766327861,-0.06717039884125986,-0.08098213637536351,-0.22734354744920154
8,-0.5618584503498955,-0.36738541005529646,-0.4784297297337312,-0.7042908481997621,-0.14444042123622242,-0.39509558461969463,0.14235749664305689,0.021225016511109408,-0.018343337119976277,-0.061640850679365554,0.15539071263301366,-0.09793028339122145,-0.1621897836828496,-0.07324942831129108,0.139237367502815,-0.035056477030156616,-0.3376399595460027,-0.3099738840313949,-0.1766179731014045,-0.08967956986408378,-0.18296647652282091,-0.21926597784114132,0.060587766092583095,0.28522547629746037,0.09952678679706281,0.06127606409295097,0.08189157833688673,-0.019153342439424976,-0.22904516942207764,-0.3161194120667323,-0.46642590520509253,-0.4703411288223071,-0.39967482110378616,-0.6170336768255522,-0.6006530305556349,-0.08559070611509398,-0.13690231199159741,-0.2501358618569194,0.03467304228033867,0.08761294391447724,0.002217773767273911,0.050638231343200155,-0.10533651527969963,-0.012728286545050808,0.023431539824900236,-0.026090353572221992,-0.09966743385692349,-0.04247478037620795,-0.01351710008989372,-0.05870455125999868,-0.1139331930745658,-0.05715618087348411,-0.09474221943980299,-0.09655147018652044,0.0277525173667507,0.021736388019491622,0.015800812094696033,0.06928676641074297,0.02687241467613782,-0.06515187647330499
9,-0.25546222143358877,-0.43433717576717895,-0.07028062090583043,-0.4323446913471237,0.19437589578163209,-0.535794494134657,0.11940752177075699,-0.21231258913335668,0.2004785773503573,-0.25000692876412617,0.16746639103185673,-0.007058030258314399,0.10885691611748026,0.03125803554954976,0.16009831903216717,0.05620377588918454,-0.09190762363872387,-0.016126623069583006,-0.0038153216195372487,0.1057897371807021,0.11088426121138087,0.009174956832306153,0.13370109338490918,0.16298599268092534,-0.03926377807212205,0.10345033100400235,-0.06661327131068391,-0.21388270940887508,-0.2360268349882713,-0.09469013052941748,-0.39432436677835836,-0.2339224255418333,-0.2920457359840925,-0.23335473207279225,-0.40636820614992447,0.030586021105071002,-0.13170553803900295,-0.030542007960057703,-0.011376426113339286,0.10786905389217354,-0.08739352977445596,-0.04057029471802736,-0.008015784620812276,0.012016799420639176,0.11441130636311886,0.1236736727033207,0.20466732784694736,0.1344048793783754,0.1600911029788408,-0.027076993879400674,0.12232203615131688,0.025302722826051983,0.05116603887480771,0.044153789432549,0.17160856289265788,-0.053876681756307394,-0.07498651091151336,-0.04623203671072256,-0.06654573923739411,-0.1445093580370069
10,-0.012890720454406115,-0.5170173446187581,-0.3742617114992008,-0.6326716035428916,0.012329212196263565,-0.7418204787159379,0.11445262580735724,-0.36100974887884413,0.17314768328143526,-0.24112960580246262,0.0468942094524291,-0.02799133514535956,-0.0030212945250989364,0.1558616828665568,0.22392502932541955,0.22132106006064367,-0.10223209338449803,0.24092974048657306,-0.024985179646660714,0.3487836171862925,0.10608094907198894,0.12137661113062151,0.20519709509796072,0.15574390113040248,-0.01340113675622423,0.23937052299016465,0.056134266331487125,-0.2412190828845769,0.062128724293436285,-0.3005969940805507,-0.1827013556447073,-0.34482183453003445,-0.18486373147503526,-0.43791539761903686,-0.3103990252793668,-0.24188907826500705,-0.15525744622495244,-0.208629299002892,-0.06459707915268284,0.040991496434631736,-0.16108840787484333,0.012338579563230784,-0.03005040556687689,0.1424682546515066,0.07053654940354219,0.21223004857686004,0.17050582159109104,0.31504335809078193,0.19268904174996318,0.21043522575579243,0.3765636425931713,0.18502571253320052,0.05708031754067279,0.1540414227436477,0.16524962415209404,-0.05578170074904463,0.11375461716013376,0.04291952400087551,-0.0636149395345965,-0.055005364522579495
11,-0.05712587902909069,-0.2690722809186331,-0.16203635821348164,-0.5400943069121018,0.19266903417686773,-0.13324806856386337,0.20433274533516904,-0.24711109256907138,0.1383513942172693,0.0627755734826157,-0.029694554010904706,-0.24989968836616563,-0.11693878479763523,0.11564709926128741,-0.009733130246697714,-0.13113256534272408,0.0052565415370410375,0.02172152844610696,-0.16498996774864147,0.09547826858827801,-0.04548081928930079,-0.08228397260654502,0.02784665125185396,-0.07900340917036898,-0.12277120849232688,0.07204843385432073,-0.04997040801839236,-0.22606152572471083,-0.07483186959371113,0.013388387586030519,-0.2386596538683874,-0.3063645038653005,-0.006635199011483272,-0.11664230005602735,-0.175639674909735,0.07767976662319846,0.07287179377397167,0.03673850611242929,0.12100165710439245,0.02331724629957011,0.08295559984538535,-0.023720153963236814,-0.17115759786558687,-0.08972311825519574,0.17224731939920734,-0.02365412039394137,0.12578021196077657,0.09981381550394261,0.22959144446334886,-0.13358055538050598,0.045998985318849134,-0.06729021662888676,-0.10876840072691488,-0.16800254639349257,-0.015813759940472558,-0.20195419688014687,-0.07801766653132666,-0.0020388524131047837,-0.11279541355405542,-0.07624267935057669
12,-0.23376349157579726,-0.001010174101088007,0.29960080856233756,-0.5399350014830049,-0.09621910500083809,-0.21783477952509342,0.5138909658692498,-0.16208778109132668,0.09168316542765216,-0.3094792033890907,-0.061728374027525734,-0.36356229070088875,0.23946640812795872,0.21161913628637516,0.12290585376094335,-0.46783536730117925,-0.028411498067814987,0.06372800688365902,0.05741669894324778,-0.1818994889438769,-0.06757467051757536,-0.2147894508544887,0.002804245642054917,-0.0036325855431307117,0.02965881461006433,0.04255917078380867,-0.19536990702786408,-0.4197599304708609,-0.0897895652506135,0.07331508971794158,-0.22486007476951103,-0.3556513965784951,-0.14969331222166776,0.06116348579945508,-0.20012984526618885,0.07895970385415751,-0.010161764854523112,0.03540901853502715,-0.19575858458927126,0.08932605476104764,-0.014715300045338876,0.15255596024900797,-0.4009923800046254,-0.03596072448116605,0.1304593512431032,0.25458394955592595,-0.07003744227097473,0.04490034600462919,0.02854632251926531,-0.08996937345637031,-0.10286525721426262,-0.051618991067229975,-0.07908389786208471,-0.19687737339971975,-0.10903066250085824,-0.12064925755608503,0.0005454136803062045,-0.013002651849890258,-0.06488635082072443,-0.17575435028612038
13,-0.34381884673280966,-0.14715538308417808,-0.00031195811633423807,-0.4856127357639286,0.06312656147455845,-0.2543611503987806,0.23898671061386317,-0.29613933575924706,0.10238201978417101,0.04732548889208818,0.012184674163649234,-0.39078650257756725,-0.27340416307434534,-0.035502343261081905,0.17007018346572614,-0.005252851259146672,-0.20491088813923627,-0.16104922482946293,-0.2602434428636058,0.03010823414382321,-0.13350808718844115,-0.25552119020916325,-0.054986294783196714,0.023709718142546056,-0.3575706121218182,-0.0548089153644262,-0.07753067373105772,-0.16472284875221507,-0.2605111233545031,-0.2127793248396651,-0.2961364450444626,-0.25596144488750644,-0.2899813325016676,-0.2132807402317249,-0.2488125168538714,0.05669005350882765,0.03740504470062581,-0.13061234190095056,-0.04863603445839135,-0.0007146737918236471,-0.15550302361575372,-0.05013277862366748,-0.17909157746086565,-0.0255578698865515,0.006815975220786964,-0.05029836695254967,0.012219541129804671,0.19817174318301267,0.010566968179688043,-0.2072691456552773,-0.06316401985306447,-0.12803665250247717,-0.2113466386435728,-0.27012382460120254,-0.02440914800563468,-0.15301013215608894,-0.1447892130087218,-0.14079704802441623,0.0305816893204467,-0.1220125293743544
14,-0.16773108280829052,-0.012479188182531,0.24758286117283,-0.5538060135864649,-0.02506637112091884,-0.2843238198949498,0.5437061139951636,-0.22951922573041378,0.14254313706241215,-0.3436667346778991,-0.11677916153416512,-0.2817077735214112,0.2826572509428118,0.16932904752110053,0.04308187742246795,-0.36696933536617865,-0.10506806295866948,0.1402926177643293,-0.048454292435933966,-0.05347155073442678,-0.19069124092317127,-0.21685480652898112,-0.033290441328621835,0.21361716306148176,-0.07619130241424454,0.12482510757419248,-0.34298156136227986,-0.3293274614997342,-0.19105254183981776,0.19664486853242755,-0.24411477247412489,-0.19064321750097799,-0.3627317425513521,0.10814837177927927,-0.193930586680827,0.18799882955948793,-0.02843996842484919,-0.06674122575501854,-0.26855777673680703,0.09187240523460354,0.06130289847423524,0.18910728280687444,-0.26149433401842725,-0.19515843227371504,0.175232600462547,0.13044132690334687,0.06833504303566874,0.02638809270894712,0.05024326088770262,-0.2136810944578986,0.0210354372966517,-0.10034618555805998,0.03358271831023442,-0.24714833081847637,-0.07087112345576108,-0.1708163532833887,0.014387349919500183,-0.05991902082940434,0.015150727258193808,-0.1669954027694928
15,0.02469532890416949,-0.3118961951309126,-0.19152441482161053,-0.7387088364774261,0.29707975976880197,-0.33736533145643094,0.23346524372899113,-0.6290417380438781,0.3852824720650856,-0.17396815754967712,0.0063200116630944304,-0.33870342334477105,0.14955886677408026,-0.08237375052423518,-0.0488553433477017,-0.22791754585140273,0.025153139726915505,-0.055493764202306915,-0.264292770008308,0.049019253502339,0.02967289875900793,-0.26238093416068403,-0.05951033760166233,-0.06354957070843216,-0.10273643810777555,-0.17355445104807593,-0.08219786781994974,-0.29960181186370577,-0.025648666188886206,-0.18651643259686362,-0.23031832066815272,-0.30245508769086155,-0.03721782469881985,-0.24279380305473824,-0.2886186591005191,0.05803964918615037,-0.05011973159182019,-0.008725615255922308,-0.10246917240761108,0.20774085938920273,-0.1820491032912348,0.07071010653471539,-0.2867790467669506,0.10145922084516934,-0.04756196863714442,0.0364984700398877,-0.0066775598865376675,0.2075026741505226,0.016218231568705145,-0.09946698808123035,0.03500134896515136,-0.08978164135713636,-0.13031028506656422,-0.2919853199715048,0.06343610994447792,-0.2465194382241684,-0.17099871031767291,-0.1879706196170587,-0.041355555765165815,-0.22709668725767826
16,-0.07294356047305366,-0.30905926642373643,-0.23209710421908322,-0.6406616381257005,0.19057232983605005,-0.05142776685686093,0.23890546348219094,-0.31403065951220754,0.26385675228540734,0.061032266364109154,-0.11979297997345935,-0.40566160927784284,0.057450564011527316,-0.10846417067317027,-0.15482119249156764,-0.24708154804999308,-0.007919267811011852,-0.06682051408266425,-0.41318944375997557,-0.11771921264857721,0.0008460655171913718,-0.060015741206404995,-0.13045120380174155,0.04303877660215404,0.1055273880758166,0.17882838173748258,-0.1424970285107196,-0.10971288802357512,-0.04248779588317368,-0.15969999761356923,-0.4438211835108511,-0.2910318236442831,-0.1085352149383993,-0.11204010392368272,-0.3070309145737052,0.04865015496198972,0.13354667999466208,-0.013153188317590787,0.010867481218304843,0.17674436235336552,0.04039605132643223,-0.06006715326693636,-0.14447879850932482,0.03767429524245264,0.12427154973927391,-0.17138458161402825,-0.006843555000812709,0.01954008837612633,0.08542665804974964,-0.2602062179088545,0.04263677933975292,-0.08544959310769508,-0.09522621689578899,-0.22719394983553964,0.0719584979197514,-0.07137027749958552,-0.002152079879397994,-0.08924952099545777,0.04884680815564631,-0.021899101321804462
17,-0.28622547103804724,-0.25189994326226284,0.17506286986969222,-0.321113494662422,-0.08972188664185042,-0.439557611370806,0.3845029760598931,0.1207972452010064,0.4490947486946084,-0.05108740466610716,-0.1573032698132263,-0.21565766000689565,0.10112327764099971,0.11711728119103572,0.0901426296110752,-0.28510492046387276,-0.46208992623774325,-0.35679086427205947,-0.14918536663868437,0.24303307867715437,0.06580136358595717,-0.1927209692244413,-0.04288201425917374,0.14884494515419044,0.2013479031590427,0.4266746716552025,0.05454786697977575,-0.2064854565932159,-0.3930487089307766,-0.18043970026273712,-0.08244363349370326,-0.10202764278776875,-0.3304065818411361,-0.29846978060238794,-0.3274268148436007,0.099592459907655,0.19902080771130753,0.19164142939918588,0.12044210372607599,0.169728795163345,0.005952491780482994,0.24128996152670235,0.004805740520260222,0.05178162020895928,-0.029135980767925635,-0.11492953104441854,-0.05378370805183253,0.002009838035718395,-0.10171730226418807,-0.17227812079502194,0.007387451072986233,-0.039227646063716974,0.0007609554606405643,-0.10879476833829829,0.14695264972133895,-0.004483667243903277,0.06676893951367327,-0.026418439289344366,0.0469963324977542,-0.04822167753878361
18,-0.3043172234322126,-0.19916125411098082,-0.05394161127762487,-0.49676525513025355,-0.019955796975070782,-0.21269283551545146,0.3430320209032693,-0.18742462174838392,0.03638806621470939,-0.0277380712642366,0.16838543219783958,-0.05035023837335717,-0.12364011210936247,-0.10412892319192754,0.06881520427117667,0.014939022024600526,-0.24464662659418454,-0.38342420041687675,-0.27011518893887954,0.07762780398646438,-0.08335957994852784,-0.17463881892789526,0.18645872721700865,0.2261915754794103,-0.019022508792075035,0.020792279838509134,0.014012127632802117,-0.07657085473688408,-0.14552153572905097,-0.2434741883206117,-0.24731318261783158,-0.24975867390013326,-0.19073123560370273,-0.13553873824835444,-0.28191249906719273,-0.061761572723560684,0.006156502062608277,-0.02273566875414258,0.10607687173023005,0.20508652366722088,0.06869379220903715,0.10141310587357413,-0.11272279123054424,0.06837498948627775,0.09057311231522544,-0.030357726413471082,-0.10351067309067762,0.044446899438158306,-0.05304251921795342,-0.1051271145256423,0.014815625741113727,-0.02704269200251934,-0.14678205381609546,-0.09257062842354138,0.07946266087630265,0.006183177704947781,-0.06873005692872063,-0.07961169843559623,0.02653855467843716,-0.05127891273363575
19,-0.24162634845639425,-0.3289753569362803,0.11017391810138256,-0.4870661136533688,0.005270394023354014,-0.42603105280486625,0.4632523976551739,-0.05975335888745464,0.32026549959821393,-0.18735001843463805,0.07710871736667285,-0.08624156819948661,0.08649887184422718,-0.08045691936813475,-0.16886161768791083,-0.23052006761152233,-0.3531625468145995,-0.21199030208564404,-0.36684405774126694,0.029187780617449994,-0.15664292534189575,-0.013231295118597924,0.060523231045591076,0.3173874903647971,-0.05662639552304267,0.2975135144802054,-0.03328020090335013,0.01561392582330294,-0.3508823885531504,-0.05154810893169578,-0.42120547185038937,-0.17225116259756335,-0.4069599763955345,-0.1608926709887036,-0.30058606628998413,0.08127903822216184,-0.08761468532863935,0.15089361578363863,0.1189480460380952,0.2966068311531531,0.09288197453055248,0.0832278830141084,-0.03574165095721583,-0.004687793340642064,0.038073509857246605,-0.10763626431648751,-0.05192169214636531,-0.145620596229019,-0.08948600237175093,-0.2675842015526173,0.0633048175953392,-0.05192118331711993,-0.054379419766384864,-0.09971801253694904,0.21030165029723535,-0.02986440047114293,0.07721708778119794,-0.05886649231364254,0.011306995208295686,-0.011083431305119741
20,-0.09169985952645723,-0.48452467048215164,-0.11427419558940453,-0.7314892440017235,0.3017617157156186,-0.352746875996406,0.4642901086927791,-0.364365787246709,0.32928316738427704,-0.26841634999768027,0.1525444087852946,-0.31079884290949417,-0.015443519397255596,-0.21010163365579682,0.017261593369673815,-0.1783169556359021,-0.08666271318364632,-0.1394197949032286,-0.20694120406949046,-0.027693932113225395,-0.0697836853875145,-0.1368576905862741,0.09367122840808643,0.045814929002792916,0.02393424232098346,0.05720803862658877,0.1648832166858335,-0.16331425337345212,-0.14727685913587335,-0.07093416062360969,-0.22766509202324375,-0.24968120031408594,-0.20540300882048498,-0.04742729811929976,-0.2292033325200874,0.22100561118738307,-0.13485828057951327,0.2596123173528748,0.009720714628834714,0.3299322963132496,-0.11011966818328074,0.142502647798359,-0.16766230072239127,0.19223950299209824,-0.1319272954186377,0.0943533878441034,0.006427503912153616,0.14873625480716124,-0.011944875928833767,-0.049602207195218254,0.004412302073599111,-0.024244004528039466,-0.2608415779200605,-0.12637625040517983,0.07611827471844859,-0.07359414611817054,-0.09495138792124196,-0.05446298855231184,-0.007598537558416576,-0.015070349050787728
21,0.057744785734775525,-0.2383108610851464,-0.3486536977369409,-0.5908239977452309,0.1061773869855446,-0.44936131612285674,0.14380839061632003,-0.23396983108389757,-0.03817579148704845,-0.22169600248979096,-0.02890785959653491,-0.2757090906123056,-0.18856097973858554,-0.15203628730925633,-0.025906786992254776,-0.17771659918621707,-0.10504808171570952,-0.0027141635788862878,-0.20509686960828666,0.03172565126955729,-0.09168527544069492,-0.06888486398236936,-0.048604348156639665,-0.06274414881037967,-0.21206960559843743,0.11967694215669676,-0.09306561601751054,-0.016884308119090252,-0.19953132142185206,-0.09437182187628103,-0.17043914020107565,-0.13806265872175263,-0.2860087509242523,-0.0710212998712089,-0.168290428068043,0.0541019649158924,-0.10705890822712481,-0.05463641168208904,0.12757516539041025,0.10467080105261359,-0.2649971143451367,-0.0025216792294753708,-0.001462223076020437,-0.07097583213166866,0.0886767075114735,-0.04318489120516057,0.14939264449970824,0.09900730034514735,0.12114127189724563,-0.02062697627492303,0.20772415590201868,-0.09217998831532494,-0.06528048593469182,-0.1951183904045793,0.09478826432207453,-0.18678273358039615,-0.030805750225882524,-0.15376146407493427,0.06900390410454967,-0.04856678775669101
22,-0.13489715355823131,-0.02303859145225823,0.06944613843951095,-0.4049083090876734,-0.11105439316198305,-0.527241592526819,0.13244368247570884,0.043034681825898806,-0.02891874128126351,-0.24680773730543773,-0.20551324416947195,-0.15618201847524257,-0.015539617127912304,0.21633734003915248,0.013109441712379117,-0.1885638269295476,-0.33956186431646274,-0.11227610177309477,-0.12238431678024615,0.19312833141875796,0.047207000202441105,-0.10422925887188152,-0.08370158882465667,-0.05715420747313785,-0.04181524904097403,0.1110045547620454,-0.11482497332066699,-0.1597953607525504,-0.24760458471865635,-0.2231577760773926,-0.019545094438307386,-0.035897541801831405,-0.1700943796116943,-0.17644452235956687,-0.19625448522692918,-0.002359164467892373,-0.03263724963520419,-0.005561118705767704,0.0815753362139076,0.1200074557670825,-0.22692289179200056,0.03289070247163402,-0.04763453161949771,0.07792988134301769,0.08444278699128521,0.014048865836963804,0.0201992290123811,0.10130204188376579,0.10746184945053844,-0.0698961471316176,0.14062507077911215,-0.022596097130546337,-0.06841807962164274,-0.14825301093109006,0.1296031419387104,-0.054789282728079654,-0.03730466216968451,-0.1288938810395189,-0.07058687183021774,-0.11441718365776257
23,-0.1703971066303513,0.28121030222669974,-0.07045296329616016,-0.6810327055208836,-0.24742942210287341,-0.07651337230121834,0.29111194011680697,-0.2512935526139374,-0.571677740794947,-0.0446219215058022,0.33665493281507264,0.018736291365140878,-0.5906092138438225,-0.1916142157771908,0.3535216540833785,0.18980955273431027,-0.4697523119144922,-0.34885355837212517,-0.04893817069903576,0.2882030114286989,-0.030994711026622407,-0.38289225253020437,0.11666052698212095,0.29694733691403513,-0.1843438079755249,-0.29943996557905084,-0.12458251403330992,0.24842931275703978,-0.07072550666578804,-0.36088312566454206,-0.3269307737110633,0.09136201485715371,-0.08424635264843394,-0.22275082475710115,-0.3867570284084687,0.2124953793443876,0.18304310085153794,-0.25170377054036186,-0.0719478573070806,0.11219109835514583,0.05775743385774392,-0.06058140597149528,-0.10044706179439687,-0.04038589047820706,0.3223548223830738,-0.012770351190950786,-0.0867800173025792,0.06819476476206568,0.3018722240156757,-0.03199594562570844,-0.10900102632374717,-0.029806431952363825,0.07715941548020906,0.003490707084645322,0.04791040073020723,-0.036106932106410604,-0.11463885178976298,-0.006238189075834439,-0.03915878954602094,-0.15544449160855706
24,-0.1618958235273437,-0.008410446204701955,0.16276635176797333,-0.46277723108836155,-0.039777139704667,-0.5334335634643823,0.14227804866114108,-0.036207689280347864,0.026048139170571152,-0.2595935867405128,-0.19237541784646114,-0.2118638345730636,-0.053376485412516356,0.31033241674572715,0.038418832665931435,-0.14887640877366756,-0.4203995462529668,-0.07263658468883122,-0.2054272316641028,0.22778440351120313,0.08353326997055359,-0.028305565221879447,-0.20763413078560528,-0.1109266610926359,-0.11393476583558614,0.19397784231934714,-0.010162983719794304,-0.16359556628126498,-0.39119433510859036,-0.13195113590075652,-0.11029777079607028,0.04334603587618743,-0.14635466021316848,-0.06594529094637994,-0.3834200142059736,0.016088523073939046,-0.03817480528840697,0.14220691997253604,0.07065503753962121,0.07144505429348137,-0.22603279166154464,-0.14157154755500428,0.0378687641717838,0.03147334188443822,0.1808472252940449,0.007411294097686937,0.09821028319043981,-0.08896860890944108,0.20977521999498117,-0.1106073889893732,0.10776707767006062,-0.06539802123857932,-0.04684668778468191,-0.2473845866025251,0.10517725230589567,0.023072497969924874,0.002668579880801828,-0.12215713927488704,-0.16058861167077873,-0.15383758236018907
25,0.07510530973142633,-0.30660807212192,-0.269438819494115,-0.664951062797474,0.1340747619756245,-0.4719079008631796,0.14012127749353562,-0.22841894131061435,-0.04603505268370415,-0.17841099579484704,-0.0694178194090572,-0.10314225492193069,-0.2747262850311935,-0.0401035700331427,-0.08697878706577532,-0.025480107084409717,-0.1735867832790173,0.11089228359675547,-0.2176837955866624,0.07168475510397446,-0.03422211023754981,0.04427178390447067,-0.10407558815579757,0.028880492255117924,-0.03564048634612119,0.02689780955435646,-0.016458258966892444,0.04485857574554843,-0.05820640464966364,-0.05376826590991658,-0.07990366908910032,-0.1323673072079344,-0.11545681462840451,-0.04217627949487621,-0.02808800353079922,-0.015541573729186124,0.003627112758178462,0.14133743074404034,0.12715201049311753,0.07324698196964453,0.003915592342632225,0.04254009403756323,0.0008710705903203518,0.10518942683684684,0.060498811581642324,0.08243916007878115,0.16464354086677555,0.14291669010333968,0.22280765373919315,0.03233819626888151,0.1488084104809855,0.04610278903543624,-0.13576443831328605,-0.070761659701837,0.06791798128739779,-0.19014102062694985,-0.10837746965760249,0.023751743281836237,-0.0591797328913273,-0.009427397504530428
26,-0.26759696323952736,-0.22601725818161034,-0.2036140741553066,-0.6332134133778287,-0.04647151703130225,-0.42334418378505345,-0.06478171335389185,-0.300669734991463,-0.2700928289665064,-0.37663929821108116,-0.08678841139876013,-0.1602379025983869,-0.35236946918841033,-0.08632153230115515,0.17192666508473534,-0.07523904129120082,-0.29222112515048143,-0.11117655913415286,-0.22568187949572965,0.1443106235676563,0.05543277266295071,-0.04090086359261149,-0.14135724569931657,0.06665106123428147,-0.08390677799925761,0.06617764919597627,0.023907012023180747,0.16532962951172553,-0.04534370171417436,-0.015096609053754114,-0.09460584838499914,-0.06835543310818565,0.058972072614477615,0.0019804984545826916,-0.16743857293799658,0.07396912692970702,0.19067321044309885,0.14525806240405278,0.2160638585611214,0.3105344755517048,0.04532970560315474,0.11878658394050992,0.21920723847895593,0.35204138339437274,0.2785170454911564,0.4356996086976943,0.3599137652316915,0.24410938834134677,0.27915879655624476,0.30425093061331004,0.2499379502233687,0.21920346475945546,0.05750675864714793,0.11503646822592035,0.17714686051394904,0.12090810560321134,0.0417936891225233,0.06188906806567734,-0.000995330051162102,0.022953757615701613
27,-0.4390020653006779,-0.04244137062801951,0.03164588880198604,-0.4837006663450064,-0.22811379486145578,-0.39894217778118984,-0.1112468096344257,-0.33344995874557426,-0.3190755605476368,-0.48618473266124695,-0.24718568677662026,-0.20256657015248808,-0.5159037116568356,-0.3307577811794719,-0.11833256515619464,-0.3150497248335061,-0.6188537227826877,-0.35170822440224137,-0.46469133908979016,-0.3382777834399158,-0.39800853364274014,-0.260279630555838,-0.3852739451287669,-0.27180391192952574,-0.4562248122619279,-0.35286540988200676,-0.3466096441294204,-0.23291913960764438,-0.5212499971823167,-0.41821702341772987,-0.43002868705508573,-0.4348295385810001,-0.3784341679158755,-0.2831410764839692,-0.4670738854885155,-0.2780805325895131,-0.2587640541103019,-0.23977380036995025,-0.21873058124336286,-0.07827892443433072,-0.2272279210082862,-0.3350379112167111,-0.23503898883245672,-0.047670916403145115,-0.04453826233181633,-0.03544499345068744,0.13208996690705316,-0.12734508093129893,-0.051210818227190404,-0.11837765330207192,-0.025638575849468673,-0.06856123500666861,-0.03180377382301784,-0.12890311801850876,-0.00919069636918727,-0.066608105934653,0.04904180033551259,-0.04260456232925594,-0.1354041074338244,-0.009911643867571379
28,-0.1732812423757936,-0.01058089371650461,-0.12484657995695116,-0.7078828328377583,0.20795029820003796,-0.20295340587808303,0.14989148194110502,-0.3677123030121908,0.02911658385925657,-0.41620817015115685,-0.050178031390636875,-0.1286922320489993,-0.39565390584109034,-0.3782039785358206,0.24831423543518813,0.1442005497210018,-0.4963584140146778,-0.3519032769663392,-0.06576304684626096,0.1633148665202388,-0.31743819603682316,-0.14610329254014906,-0.04141965727779429,0.21237889319089792,-0.15956013807119657,0.03662100527019492,-0.026853679163783006,0.00048644458431666183,-0.18948271329174987,-0.12905991635208824,-0.3569708674541391,-0.18614301170528869,0.062162180227788036,0.029023709945414936,-0.29466942470899055,0.08332635449161284,0.23810514193576973,0.021014247853040145,0.007546434335356984,0.21840831997544863,0.054630590270388094,-0.015555214206379784,-0.07238487079096367,0.19500536241306346,0.1861216783963098,0.12165715024255454,0.1977937261373658,0.12765290395566362,0.08705062570880853,0.11490918564613843,0.1283529504510046,0.01697672590622031,0.008327189988578051,0.03870470318458895,0.17574869968764392,0.012081741717537838,0.028704447575672396,0.11759619182156916,0.07074221197280162,-0.04813660733580081
29,-0.5038870407905267,-0.0346796778098604,0.1970587534572534,-0.3840156803309624,-0.2871412192644709,-0.4751716132163736,-0.0768429173588189,-0.2872469687690743,-0.26378238762997647,-0.5073522674718682,-0.2706510499923629,-0.15515222999790487,-0.3650546915470209,-0.3391648588750823,-0.1905131699663222,-0.3207092054912175,-0.46787919971954856,-0.4319785143247088,-0.38806866971698484,-0.28919823437686537,-0.29536229838435063,-0.3498756669439739,-0.2697788237409476,-0.2722732229953952,-0.29632315678743587,-0.3467766688656613,-0.302921779293396,-0.32729525688597305,-0.38330916516386615,-0.29666360665336866,-0.4404202268337914,-0.4485264197166596,-0.309306635107573,-0.3120210124091997,-0.39199956015673226,-0.13642914705913772,-0.20367096466975307,-0.28333026634159136,-0.14542288594017774,-0.0544928249750018,-0.18549620332158473,-0.31471463905299246,-0.1884967644737674,-0.04313992624784377,0.0295745334615212,-0.020263057501111275,0.10381813194729707,-0.02029287366563907,-0.027821561377516277,-0.14311974887388457,-0.13060567887585828,-0.0427647437831547,0.016162250152210175,0.010452202724661472,0.035371452395509755,-0.04698590420099739,-0.025073890308560127,-0.022587654244078763,-0.09374571048009231,-0.002564802995029835
30,-0.15026908814077297,-0.27888037905669405,-0.10984117133796675,-0.6779692932238065,-0.012934808143668226,-0.5337521477087505,0.07866150919091686,-0.3950978388488934,-0.2320894178791019,-0.46670142661488384,-0.05740240386463165,-0.19134854067362672,-0.4690210270069043,-0.09089631660150933,0.06678172319909931,-0.03271859886194383,-0.40415032255463806,-0.10388137841837576,-0.3445805635563251,0.1507277764275127,-0.1474998691661424,-0.0041684840186230095,-0.21809789089757012,-0.02016516174719986,-0.10783709859074384,0.12656768963267165,0.009094253292845338,0.020383271868712013,-0.12248377199705594,-0.0665032633344456,-0.11101109131795461,-0.1390413146252769,0.026993517378921108,-0.1875297396543229,-0.02732421451693524,0.10053734717346759,0.010964091431757037,-0.02503606124246985,0.34695845752007826,0.16628605759783266,0.00265416807598839,0.0029093126395120534,0.19773163479047523,0.34376817837210827,0.32124437687027424,0.25988470558791354,0.24799290607038948,0.2570053815034102,0.31506305668089785,0.20556524027478426,0.15434688092711132,0.23542570443813077,0.1082478975881748,0.10231460120530257,0.10853047962886535,0.12912624427259423,0.13636550254009358,0.06271285218185062,-0.04328338854217076,0.12006040103158229
